[null,{"name":"Help","permissions":"NONE","restriction":"1","actions":[{"channel":"0","varName":"","message":"***List of commands for Paradox Bot:***\nPrefix for Paradox Bot is **$**\n**Help:** Shows this help page.\n**info:** Displays info about the Paradox Bot.\n**Invite:** Shows the Paradox Community Discord Invite.\n**Roster:** Shows the link to the official Paradox Sniping roster.\n**Paradox:** Shows the link to the official Paradox Sniping Youtube Channel.\n**Twitter:** Shows the link to the Official Paradox Sniping Twitter Account.\n**RobloxGroup:** Shows the link to the official Paradox Sniping Roblox Group.\n**Leaders:** Shows the Paradox Sniping Leaders.\n**Youtubers:** Helps you find your favorite Paradox Members Youtube Channels.\n\n\n\n","storage":"0","varName2":"","name":"Send Message"}]},{"name":"Info","permissions":"NONE","restriction":"1","actions":[]},{"name":"Invite","permissions":"NONE","restriction":"1","actions":[{"channel":"0","varName":"","message":"Official Paradox Community Discord Invite:\n https://discord.gg/5jAnbC7","storage":"0","varName2":"","name":"Send Message"}]},{"name":"Roster","permissions":"NONE","restriction":"1","actions":[{"channel":"0","varName":"","message":"Official Paradox Sniping Roster: \nhttps://docs.google.com/document/d/17DPYq1k29MIksE12Pw4cdGgupTuZj-OTvAS4-7x9xHU/edit?pageId=116920157808905310496","storage":"0","varName2":"","name":"Send Message"}]},{"name":"Paradox","permissions":"NONE","restriction":"1","actions":[{"channel":"0","varName":"","message":"Official Paradox Sniping Youtube: \nhttps://www.youtube.com/user/ParadoxSnipingRoblox/featured","storage":"0","varName2":"","name":"Send Message"}]},{"name":"Twitter","permissions":"NONE","restriction":"1","actions":[{"channel":"0","varName":"","message":"Official Paradox Sniping Twitter: \nhttps://twitter.com/Paradox_Roblox","storage":"0","varName2":"","name":"Send Message"}]},{"name":"RobloxGroup","permissions":"NONE","restriction":"1","actions":[{"channel":"0","varName":"","message":"Official Paradox Sniping Roblox Group: \nhttps://www.roblox.com/My/Groups.aspx?gid=4129200","storage":"0","varName2":"","name":"Send Message"}]},{"name":"Leaders","permissions":"NONE","restriction":"1","actions":[{"channel":"0","varName":"","message":"The Paradox Sniping Leaders Are Legit, PoKe, and Blizzard.","storage":"0","varName2":"","name":"Send Message"}]},{"name":"Youtubers","permissions":"NONE","restriction":"1","actions":[{"channel":"0","varName":"","message":"Which section are you looking for?\n$Leaders\n$Manager\n$Players\n$Editors\n$GFX\n\n\n","storage":"0","varName2":"","name":"Send Message"}]},{"name":"Leaders","permissions":"NONE","restriction":"1","actions":[{"channel":"0","varName":"","message":"Which Paradox Leader are you looking for?\n$Blizzard\n$Legit\n$PoKe","storage":"0","varName2":"","name":"Send Message"}]},{"name":"Blizzard","permissions":"NONE","restriction":"1","actions":[{"channel":"0","varName":"","message":"Paradox Blizzard's Youtube channel: https://www.youtube.com/channel/UCO3sHioV-jT9ngTo5plhb3A\n","storage":"0","varName2":"","name":"Send Message"}]},{"name":"Legit","permissions":"NONE","restriction":"1","actions":[{"channel":"0","varName":"","message":"Paradox Legit's Youtube channel: https://www.youtube.com/channel/UCnof0ajMFKfJLKfhz9bkChw\n","storage":"0","varName2":"","name":"Send Message"}]},{"name":"PoKe","permissions":"NONE","restriction":"1","actions":[{"channel":"0","varName":"","message":"Paradox PoKe's Youtube channel: https://www.youtube.com/channel/UC64v1CqfTBlwumeNqxSClDA\n","storage":"0","varName2":"","name":"Send Message"}]},{"name":"Manager","permissions":"NONE","restriction":"1","actions":[{"channel":"0","varName":"","message":"Manager, Paradox Tommy's Youtube channel: https://www.youtube.com/c/ParadoxTommy","storage":"0","varName2":"","name":"Send Message"}]},{"name":"Players","permissions":"NONE","restriction":"1","actions":[{"channel":"0","varName":"","message":"Which Paradox Player are you looking for?\n$Purple\n$Malik\n$Sorrz\n$BlueGrass\n$Sky\n$Marco\n$Luna\n$Petty\n$Cold\n$Red\n$Triplez\n$Zera\n$Andy","storage":"0","varName2":"","name":"Send Message"}]},{"name":"Purple","permissions":"NONE","restriction":"1","actions":[{"channel":"0","varName":"","message":"Paradox Purple's Youtube channel: https://www.youtube.com/channel/UCS5t7-_gb-gjgGJhcQC_cBg","storage":"0","varName2":"","name":"Send Message"}]},{"name":"Malik","permissions":"NONE","restriction":"1","actions":[{"channel":"0","varName":"","message":"Paradox Malik's Youtube channel: https://www.youtube.com/channel/UCJG2JsNBjU2hDmuLO__OtZQ","storage":"0","varName2":"","name":"Send Message"}]},{"name":"Sorrz","permissions":"NONE","restriction":"1","actions":[{"channel":"0","varName":"","message":"Paradox Sorrz' Youtube channel: https://www.youtube.com/channel/UCpZSdp0DRN6HddnYR5YcGXQ","storage":"0","varName2":"","name":"Send Message"}]},{"name":"BlueGrass","permissions":"NONE","restriction":"1","actions":[{"channel":"0","varName":"","message":"Paradox BlueGrass's Youtube Channel: https://www.youtube.com/channel/UCELspbDWmmCEI7ce_0_kKcA","storage":"0","varName2":"","name":"Send Message"}]},{"name":"Sky","permissions":"NONE","restriction":"1","actions":[{"channel":"0","varName":"","message":"Paradox Sky's Youtube channel: https://www.youtube.com/channel/UC50fd_yJVA6mzeoPa_NF3eg","storage":"0","varName2":"","name":"Send Message"}]},{"name":"Marco","permissions":"NONE","restriction":"1","actions":[{"channel":"0","varName":"","message":"Paradox Marco's Youtube channel: https://www.youtube.com/channel/UCrWpl8Ti0TUnrr1D029JO6g","storage":"0","varName2":"","name":"Send Message"}]},{"name":"Luna","permissions":"NONE","restriction":"1","actions":[{"channel":"0","varName":"","message":"Paradox Luna's Youtube channel: https://www.youtube.com/channel/UCNebnvFS2CXKA5_b9daHLUQ","storage":"0","varName2":"","name":"Send Message"}]},{"name":"Petty","permissions":"NONE","restriction":"1","actions":[{"channel":"0","varName":"","message":"Paradox Petty's Youtube channel: https://www.youtube.com/channel/UCJ7GsbJnyriNGwXMCWRQoZw","storage":"0","varName2":"","name":"Send Message"}]},{"name":"Cold","permissions":"NONE","restriction":"1","actions":[{"channel":"0","varName":"","message":"Paradox Cold's Youtube channel: https://www.youtube.com/channel/UCp8CcMSPZLttFSYHCtjrqgw","storage":"0","varName2":"","name":"Send Message"}]},{"name":"Red","permissions":"NONE","restriction":"1","actions":[{"channel":"0","varName":"","message":"Paradox Red's Youtube channel: https://www.youtube.com/channel/UClVt-X4t1SB4dyNXTI34a7w","storage":"0","varName2":"","name":"Send Message"}]},{"name":"Triplez","permissions":"NONE","restriction":"1","actions":[{"channel":"0","varName":"","message":"Paradox Triplez' Youtube channel: https://www.youtube.com/channel/UCvtDJbMKqUv_o_IHsfAHbSg","storage":"0","varName2":"","name":"Send Message"}]},{"name":"Zera","permissions":"NONE","restriction":"1","actions":[{"channel":"0","varName":"","message":"Paradox Zera's Youtube channel: https://www.youtube.com/channel/UCc1S2AagrDTQRYzvzjkbIpg","storage":"0","varName2":"","name":"Send Message"}]},{"name":"Andy","permissions":"NONE","restriction":"1","actions":[{"channel":"0","varName":"","message":"Paradox Andy's Youtube channel: https://www.youtube.com/channel/UCNCN5zRONtVHYu4vbVG1dTQ","storage":"0","varName2":"","name":"Send Message"}]},{"name":"Editors","permissions":"NONE","restriction":"1","actions":[{"channel":"0","varName":"","message":"Which Paradox Editor are you looking for?\n$Void\n$Rek\n$Jumpy\n$Ballistic\n$Krab\n$Chaotic\n$Daphix\n$xKalibur\n$Glow\n$Rav\n$Crooked\n$Red\n$Galaxy\n$OpMan","storage":"0","varName2":"","name":"Send Message"}]},{"name":"Void","permissions":"NONE","restriction":"1","actions":[{"channel":"0","varName":"","message":"Paradox Void's Youtube channel: https://www.youtube.com/channel/UCx1vFDI5ly4_yGnbSQGCjKA","storage":"0","varName2":"","name":"Send Message"}]},{"name":"Rek","permissions":"NONE","restriction":"1","actions":[{"channel":"0","varName":"","message":"Paradox Rek's Youtube channel: https://www.youtube.com/channel/UCCCeLAYTzIjhqaLaFkBWtow","storage":"0","varName2":"","name":"Send Message"}]},{"name":"Jumpy","permissions":"NONE","restriction":"1","actions":[{"channel":"0","varName":"","message":"Paradox Jumpy's Youtube channel: https://www.youtube.com/channel/UC8OJ2KulSW_AEQ_bgkiBlsg","storage":"0","varName2":"","name":"Send Message"}]},{"name":"Ballistic","permissions":"NONE","restriction":"1","actions":[{"channel":"0","varName":"","message":"Paradox Ballistic's Youtube channel: https://www.youtube.com/channel/UCf-oKFdurkqiENR8-VnXWjA","storage":"0","varName2":"","name":"Send Message"}]},{"name":"Krab","permissions":"NONE","restriction":"1","actions":[{"channel":"0","varName":"","message":"Paradox Krab's Youtube channel: https://www.youtube.com/channel/UCBE9d7ZON3UkkQXsAXKDtJg","storage":"0","varName2":"","name":"Send Message"}]},{"name":"Chaotic","permissions":"NONE","restriction":"1","actions":[{"channel":"0","varName":"","message":"Paradox Chaotic's Youtube channel: https://www.youtube.com/channel/UCqREZmp6hb_LVDa400l7K2g","storage":"0","varName2":"","name":"Send Message"}]},{"name":"Daphix","permissions":"NONE","restriction":"1","actions":[{"channel":"0","varName":"","message":"Paradox Daphix' Youtube channel: https://www.youtube.com/channel/UCdsOFRk0LzNT7nourfcRH1w","storage":"0","varName2":"","name":"Send Message"}]},{"name":"xKalibur","permissions":"NONE","restriction":"1","actions":[{"channel":"0","varName":"","message":"Paradox xKaliburs Youtube channel: https://www.youtube.com/channel/UCB8abx4kEcqLoq1OpcYP9cw","storage":"0","varName2":"","name":"Send Message"}]},{"name":"Glow","permissions":"NONE","restriction":"1","actions":[{"channel":"0","varName":"","message":"Paradox Glow's Youtube channel: https://www.youtube.com/channel/UCbLOV1KjVuOcigPkinjSWFw","storage":"0","varName2":"","name":"Send Message"}]},{"name":"Rav","permissions":"NONE","restriction":"1","actions":[{"channel":"0","varName":"","message":"Paradox Rav's Youtube channel: https://www.youtube.com/channel/UCRxV9Bh07-2vzzLk4HHb-PQ","storage":"0","varName2":"","name":"Send Message"}]},{"name":"Crooked","permissions":"NONE","restriction":"1","actions":[{"channel":"0","varName":"","message":"Paradox Crooked's Youtube channel: https://www.youtube.com/channel/UC2aR2yResivcHklSr6_lUuQ","storage":"0","varName2":"","name":"Send Message"}]},{"name":"Red","permissions":"NONE","restriction":"1","actions":[{"channel":"0","varName":"","message":"Paradox Red's Youtube channel: https://www.youtube.com/channel/UCr3s0gRQLlbEZIKwt5x2UKA","storage":"0","varName2":"","name":"Send Message"}]},{"name":"Galaxy","permissions":"NONE","restriction":"1","actions":[{"channel":"0","varName":"","message":"Paradox Galaxy's Youtube channel: https://www.youtube.com/user/Kidslegend","storage":"0","varName2":"","name":"Send Message"}]},{"name":"OpMan","permissions":"NONE","restriction":"1","actions":[{"channel":"0","varName":"","message":"Paradox OpMan's Youtube channel: https://www.youtube.com/channel/UCqlg5iI44fE9cgzH3h8UsvQ","storage":"0","varName2":"","name":"Send Message"}]},{"name":"GFX","permissions":"NONE","restriction":"1","actions":[{"channel":"0","varName":"","message":"Which Paradox GFX Artist are you looking for?\n$Maadox\n$Fungus\n$Puma\n$Vega","storage":"0","varName2":"","name":"Send Message"}]},{"name":"Maadox","permissions":"NONE","restriction":"1","actions":[{"channel":"0","varName":"","message":"Paradox Maadox' Youtube Channel: https://www.youtube.com/channel/UCj1mfXWIlMu-f3xDIxY3hKg","storage":"0","varName2":"","name":"Send Message"}]},{"name":"Fungus","permissions":"NONE","restriction":"1","actions":[{"channel":"0","varName":"","message":"Paradox Fungus' Youtube channel: https://www.youtube.com/channel/UCFixrnMxYmpATTkeB7lgu-Q","storage":"0","varName2":"","name":"Send Message"}]},{"name":"Puma","permissions":"NONE","restriction":"1","actions":[{"channel":"0","varName":"","message":"Paradox Puma's Youtube channel: https://www.youtube.com/channel/UCyyV_HQZITUo2BUWOxq-qoQ","storage":"0","varName2":"","name":"Send Message"}]},{"name":"Vega","permissions":"NONE","restriction":"1","actions":[{"channel":"0","varName":"","message":"Paradox Vega's Youtube channel: https://www.youtube.com/channel/UCqqtAjVktmYIpaLz2q9hzDA","storage":"0","varName2":"","name":"Send Message"}]}]